date,availability
2020/01/01,50.68766
2020/01/02,51.23886
2020/01/03,51.41635
2020/01/04,49.85654
2020/01/05,51.37439
2020/01/06,52.92502
2020/01/07,52.82825
2020/01/08,52.88973
2020/01/09,47.62747
2020/01/10,50.55459
2020/01/11,53.95225
2020/01/12,54.59648
2020/01/13,54.7387
2020/01/14,51.30789
2020/01/15,51.62199
2020/01/16,51.32516
2020/01/17,51.29815
2020/01/18,49.45593
2020/01/19,50.7375
2020/01/20,50.86898
2020/01/21,52.28528
2020/01/22,53.08659
2020/01/23,52.33882
2020/01/24,51.81601
2020/01/25,50.52506
2020/01/26,49.62914
2020/02/12,51.52866
2020/02/13,50.26212
2020/02/14,51.04021
2020/02/15,49.81473
2020/02/16,49.98356
2020/02/17,50.62762
2020/02/18,51.59265
2020/02/19,50.73952
2020/02/20,46.39023
2020/02/21,49.25332
2020/02/22,46.55718
2020/02/23,48.14564
2020/02/24,48.7575
2020/02/25,48.63274
2020/02/26,48.30153
2020/02/27,46.41312
2020/02/28,47.93791
2020/02/29,48.18875
2020/03/01,48.04436
2020/03/02,48.3608
2020/03/03,47.94647
2020/03/04,47.78102
2020/03/05,46.38333
2020/03/06,47.00601
2020/03/07,45.9411
2020/03/08,45.89631
2020/03/09,45.98858
2020/03/10,45.79945
2020/03/11,45.49363
2020/03/12,43.4237
2020/03/13,43.53645
2020/03/14,42.99983
2020/03/15,43.37006
2020/03/16,43.571
2020/03/17,43.54728
2020/03/18,42.63277
2020/03/19,42.231
2020/03/20,41.55671
2020/03/21,41.93378
2020/03/22,40.2602
2020/03/23,42.07106
2020/03/24,41.93125
2020/03/25,42.07919
2020/03/26,41.54619
2020/03/27,40.67535
2020/03/28,40.56812
2020/03/29,38.41554
2020/03/30,40.31907
2020/03/31,40.735
2020/04/01,42.79879
2020/04/02,44.38786
2020/04/03,42.95731
2020/04/04,42.85553
2020/04/05,39.45468
2020/04/06,42.25657
2020/04/07,45.13979
2020/04/08,44.63284
2020/04/09,42.44093
2020/04/10,42.0385
2020/04/11,40.23613
2020/04/12,39.0935
2020/04/13,35.83428
2020/04/14,40.38247
2020/04/15,42.59569
2020/04/16,42.13412
2020/04/17,41.91692
2020/04/18,40.45424
2020/04/19,38.92838
2020/04/20,39.20052
2020/04/21,40.69534
2020/04/22,40.4924
2020/04/23,40.87083
2020/04/24,40.4101
2020/04/25,38.98812
2020/04/26,38.37947
2020/04/27,38.2835
2020/04/28,38.11216
2020/04/29,38.24011
2020/04/30,38.40313
2020/05/01,36.71962
2020/05/02,37.00901
2020/05/03,37.61429
2020/05/04,38.37771
2020/05/05,37.8275
2020/05/06,36.56976
2020/05/07,36.43772
2020/05/08,38.24667
2020/05/09,36.514
2020/05/10,37.19287
2020/05/11,37.14092
2020/05/12,37.49858
2020/05/13,38.07563
2020/05/14,39.23299
2020/05/15,37.51187
2020/05/16,34.02468
2020/05/17,33.9753
2020/05/18,37.69307
2020/05/19,38.47521
2020/05/20,38.18099
2020/05/21,36.041
2020/05/22,36.07032
2020/05/23,33.87967
2020/05/24,31.60464
2020/05/25,36.15445
2020/05/26,36.51892
2020/05/27,36.4045
2020/05/28,36.52067
2020/05/29,36.78167
2020/05/30,35.41729
2020/05/31,34.38144
2020/06/01,36.24549
2020/06/02,36.6749
2020/06/03,36.3
2020/06/04,36.73172
2020/06/05,36.78519
2020/06/06,33.21735
2020/06/07,32.84854
2020/06/08,33.36767
2020/06/09,33.4
2020/06/10,33.4
2020/06/11,32.61924
2020/06/12,32.67751
2020/06/13,31.08576
2020/06/14,31.0177
2020/06/15,31.39194
2020/06/16,29.90395
2020/06/17,31.08542
2020/06/18,31.725
2020/06/19,31.96635
2020/06/20,32.00625
2020/06/21,31.99248
2020/06/22,31.23056
2020/06/23,29.52695
2020/06/24,29.24039
2020/06/25,30.39033
2020/06/26,30.24367
2020/06/27,30.9467
2020/06/28,29.42502
2020/06/29,27.78233
2020/06/30,27.77314
2020/07/01,28.64248
2020/07/02,28.9562
2020/07/03,30.29333
2020/07/04,29.12085
2020/07/05,25.34102
2020/07/06,29.98751
2020/07/07,30.84333
2020/07/08,31.16289
2020/07/09,31.12778
2020/07/10,31.19146
2020/07/11,30.72865
2020/07/12,30.41437
2020/07/13,31.89333
2020/07/14,32.63726
2020/07/15,33.815
2020/07/16,34.07438
2020/07/17,34.72
2020/07/18,34.57375
2020/07/19,34.44103
2020/07/20,34.6483
2020/07/21,34.67612
2020/07/22,34.7661
2020/07/23,34.50145
2020/07/24,35.33208
2020/07/25,33.36712
2020/07/26,31.78128
2020/07/27,32.52664
2020/07/28,33.23843
2020/07/29,34.06792
2020/07/30,33.78784
2020/07/31,33.4619
2020/08/01,32.11438
2020/08/02,32.87329
2020/08/03,33.17125
2020/08/04,33.10136
2020/08/05,33.10167
2020/08/06,32.99406
2020/08/07,33.40207
2020/08/08,33.31958
2020/08/09,33.98519
2020/08/10,34.03329
2020/08/11,34.87379
2020/08/12,35.00685
2020/08/13,35.21563
2020/08/14,35.12595
2020/08/15,31.90131
2020/08/16,32.47084
2020/08/17,33.01636
2020/08/18,33.56792
2020/08/19,34.22818
2020/08/20,34.05778
2020/08/21,33.81644
2020/08/22,31.80304
2020/08/23,30.92213
2020/08/24,33.11708
2020/08/25,31.78262
2020/08/26,31.51981
2020/08/27,31.84562
2020/08/28,31.84021
2020/08/29,30.51944
2020/08/30,30.14671
2020/08/31,31.09998
2020/09/01,30.04504
2020/09/02,30.2
2020/09/03,30.85
2020/09/04,30.79865
2020/09/05,30.11177
2020/09/06,29.45288
2020/09/07,30.60458
2020/09/08,31.58569
2020/09/09,31.36218
2020/09/10,31.11979
2020/09/11,31.18571
2020/09/12,30.57687
2020/09/13,31.63995
2020/09/14,30.96125
2020/09/15,30.98365
2020/09/16,31.14542
2020/09/17,31.78339
2020/09/18,31.35979
2020/09/19,31.26355
2020/09/20,30.79915
2020/09/21,33.05552
2020/09/22,33.20172
2020/09/23,33.53026
2020/09/24,33.63583
2020/09/25,34.34439
2020/09/26,33.16235
2020/09/27,33.62175
2020/09/28,35.68649
2020/09/29,36.855
2020/09/30,36.91667
2020/10/01,36.93
2020/10/02,36.52525
2020/10/03,34.20361
2020/10/04,35.44874
2020/10/05,37.4934
2020/10/06,38.31456
2020/10/07,38.58057
2020/10/08,39.07208
2020/10/09,39.23347
2020/10/10,38.77126
2020/10/11,39.04827
2020/10/12,39.3925
2020/10/13,40.28859
2020/10/14,40.63514
2020/10/15,40.93788
2020/10/16,41.18776
2020/10/17,41.48303
2020/10/18,41.69122
2020/10/19,41.66533
2020/10/20,40.59343
2020/10/21,40.29093
2020/10/22,40.22495
2020/10/23,40.40118
2020/10/24,41.08281
2020/10/25,39.98142
2020/10/26,41.81234
2020/10/27,41.43323
2020/10/28,41.50092
2020/10/29,41.6861
2020/10/30,42.39373
2020/10/31,41.18662
2020/11/01,40.74687
2020/11/02,41.30071
2020/11/03,43.66445
2020/11/04,43.70014
2020/11/05,43.67508
2020/11/06,43.03109
2020/11/07,44.15991
2020/11/08,44.97037
2020/11/09,45.91575
2020/11/10,46.07
2020/11/11,45.41407
2020/11/12,45.42167
2020/11/13,45.96552
2020/11/14,43.88125
2020/11/15,43.76335
2020/11/16,45.06226
2020/11/17,45.71938
2020/11/18,45.64708
2020/11/19,45.83339
2020/11/20,47.08952
2020/11/21,46.73418
2020/11/22,46.81991
2020/11/23,47.3525
2020/11/24,47.71414
2020/11/25,47.47968
2020/11/26,43.9141
2020/11/27,47.10547
2020/11/28,46.71107
2020/11/29,46.96226
2020/11/30,47.49458
2020/12/01,47.32521
2020/12/02,46.67091
2020/12/03,46.15069
2020/12/04,45.70552
2020/12/05,45.21475
2020/12/06,46.01869
2020/12/07,45.40875
2020/12/08,45.76692
2020/12/09,46.75712
2020/12/10,46.16923
2020/12/11,45.31059
2020/12/12,46.15588
2020/12/13,46.45292
2020/12/14,45.95917
2020/12/15,47.23125
2020/12/16,46.61285
2020/12/17,42.21448
2020/12/18,48.43849
2020/12/19,46.98859
2020/12/20,48.17261
2020/12/21,49.15414
2020/12/22,49.65333
2020/12/23,50.56251
2020/12/24,50.07415
2020/12/25,49.37973
2020/12/26,49.49963
2020/12/27,48.04917
2020/12/28,48.61907
2020/12/29,50.44031
2020/12/30,50.475
2020/12/31,50.76729
2021/01/01,51.18546
2021/01/02,51.755
2021/01/03,51.74869
2021/01/04,51.815
2021/01/05,51.82375
2021/01/06,52.14271
2021/01/07,52.29
2021/01/08,52.29
2021/01/09,52.27725
2021/01/10,52.29
2021/01/11,52.29
2021/01/12,51.82703
2021/01/13,50.94208
2021/01/14,52.12675
2021/01/15,51.981
2021/01/16,50.17726
2021/01/17,50.98642
2021/01/18,51.05847
2021/01/19,49.10132
2021/01/20,50.50737
2021/01/21,49.17895
2021/01/22,49.65084
2021/01/23,51.0576
2021/01/24,51.59083
2021/01/25,50.13323
2021/01/26,49.97737
2021/01/27,50.71891
2021/01/28,49.87698
2021/01/29,49.32157
2021/01/30,47.19687
2021/01/31,48.62215
2021/02/01,49.95542
2021/02/02,50.23851
2021/02/03,50.13847
2021/02/04,50.35088
2021/02/05,50.5949
2021/02/06,48.5075
2021/02/07,47.92116
2021/02/08,48.01708
2021/02/09,48.76584
2021/02/10,48.19648
2021/02/11,48.54991
2021/02/12,47.96837
2021/02/13,46.28042
2021/02/14,45.79414
2021/02/15,45.41268
2021/02/16,45.515
2021/02/17,45.15729
2021/02/18,45.08296
2021/02/19,44.59802
2021/02/20,43.09716
2021/02/21,42.53734
2021/02/22,43.64043
2021/02/23,44.39104
2021/02/24,44.595
2021/02/25,44.57177
2021/02/26,44.44396
2021/02/27,42.45524
2021/02/28,40.65213
2021/03/01,40.36854
2021/03/02,41.26833
2021/03/03,42.67
2021/03/04,43.415
2021/03/05,43.035
2021/03/06,43.75916
2021/03/07,44.29542
2021/03/08,44.12723
2021/03/09,43.96508
2021/03/10,44.26792
2021/03/11,44.9279
2021/03/12,45.11135
2021/03/13,43.84966
2021/03/14,44.79778
2021/03/15,45.58083
2021/03/16,45.53
2021/03/17,45.96896
2021/03/18,46.12021
2021/03/19,46.09529
2021/03/20,44.17261
2021/03/21,44.09563
2021/03/22,44.98218
2021/03/23,45.15562
2021/03/24,45.56812
2021/03/25,45.38706
2021/03/26,45.18
2021/03/27,42.02063
2021/03/28,41.53556
2021/03/29,41.73733
2021/03/30,42.31249
2021/03/31,41.98388
2021/04/01,41.66879
2021/04/02,42.36228
2021/04/03,41.24
2021/04/04,40.0191
2021/04/05,38.53633
2021/04/06,39.46376
2021/04/07,39.81167
2021/04/08,38.05625
2021/04/09,39.30933
2021/04/10,38.18375
2021/04/11,38.33667
2021/04/12,38.72875
2021/04/13,38.67336
2021/04/14,38.74719
2021/04/15,39.675
2021/04/16,39.64938
2021/04/17,37.06688
2021/04/18,37.13353
2021/04/19,37.9505
2021/04/20,38.60583
2021/04/21,38.68792
2021/04/22,38.86062
2021/04/23,38.87583
2021/04/24,38.90394
2021/04/25,39.16163
2021/04/26,39.51271
2021/04/27,39.26688
2021/04/28,39.34354
2021/04/29,39.7025
2021/04/30,39.18333
2021/05/01,39.925
2021/05/02,37.23989
2021/05/03,37.56617
2021/05/04,39.09458
2021/05/05,38.94165
2021/05/06,38.47475
2021/05/07,38.9529
2021/05/08,35.86486
2021/05/09,35.39616
2021/05/10,37.71533
2021/05/11,38.39677
2021/05/12,38.92167
2021/05/13,39.30639
2021/05/14,40.265
2021/05/15,40.09261
2021/05/16,39.9904
2021/05/17,39.98219
2021/05/18,40.92958
2021/05/19,42.225
2021/05/20,41.22839
2021/05/21,40.78422
2021/05/22,38.4875
2021/05/23,38.54428
2021/05/24,39.38995
2021/05/25,39.56903
2021/05/26,40.49458
2021/05/27,41.06521
2021/05/28,40.58897
2021/05/29,40.22521
2021/05/30,39.68564
2021/05/31,40.02203
2021/06/01,41.07748
2021/06/02,41.37566
2021/06/03,41.1305
2021/06/04,41.14
2021/06/05,39.85068
2021/06/06,39.61729
2021/06/07,40.48
2021/06/08,41.18354
2021/06/09,41.25167
2021/06/10,41.19033
2021/06/11,41.00352
2021/06/12,40.55404
2021/06/13,40.14273
2021/06/14,40.03942
2021/06/15,39.92696
2021/06/16,39.84071
2021/06/17,39.53092
2021/06/18,38.19988
2021/06/19,37.45487
2021/06/20,39.07038
2021/06/21,40.48651
2021/06/22,40.547
2021/06/23,41.73023
2021/06/24,41.73433
2021/06/25,41.706
2021/06/26,41.37302
2021/06/27,40.92952
2021/06/28,42.2675
2021/06/29,42.46167
2021/06/30,41.51899
2021/07/01,40.15039
2021/07/02,39.9425
2021/07/03,39.64971
2021/07/04,37.87652
2021/07/05,39.84058
2021/07/06,40.85746
2021/07/07,41.5246
2021/07/08,41.35495
2021/07/09,40.15169
2021/07/10,36.34743
2021/07/11,36.68712
2021/07/12,37.71692
2021/07/13,39.17933
2021/07/14,40.81147
2021/07/15,40.166
2021/07/16,40.55788
2021/07/17,40.19003
2021/07/18,39.81637
2021/07/19,40.4245
2021/07/20,41.11833
2021/07/21,41.58496
2021/07/22,40.83619
2021/07/23,42.65491
2021/07/24,40.43438
2021/07/25,40.81084
2021/07/26,42.97802
2021/07/27,42.73625
2021/07/28,43.53417
2021/07/29,44.46867
2021/07/30,44.59031
2021/07/31,43.11258
2021/08/01,42.69568
2021/08/02,42.32336
2021/08/03,41.98573
2021/08/04,41.56
2021/08/05,41.17907
2021/08/06,39.10868
2021/08/07,39.42823
2021/08/08,38.57301
2021/08/09,39.82843
2021/08/10,40.02431
2021/08/11,39.47452
2021/08/12,39.84884
2021/08/13,38.54333
2021/08/14,38.52966
2021/08/15,39.56546
2021/08/16,41.3693
2021/08/17,43.47633
2021/08/18,43.53701
2021/08/19,43.72508
2021/08/20,43.39238
2021/08/21,41.25948
2021/08/22,41.81886
2021/08/23,43.14
2021/08/24,43.00156
2021/08/25,42.83899
2021/08/26,43.38358
2021/08/27,43.37708
2021/08/28,42.51583
2021/08/29,42.79
2021/08/30,44.40008
2021/08/31,44.97225
2021/09/01,45.15658
2021/09/02,45.32127
2021/09/03,44.81888
2021/09/04,43.04888
2021/09/05,42.57742
2021/09/06,44.35862
2021/09/07,45.199
2021/09/08,44.93408
2021/09/09,44.21356
2021/09/10,42.80978
2021/09/11,40.51834
2021/09/12,41.8324
2021/09/13,43.1726
2021/09/14,42.189
2021/09/15,42.57275
2021/09/16,43.28603
2021/09/17,41.949
2021/09/18,38.00848
2021/09/19,39.31049
2021/09/20,41.59834
2021/09/21,42.94711
2021/09/22,42.45021
2021/09/23,41.49045
2021/09/24,40.63339
2021/09/25,38.64771
2021/09/26,39.02787
2021/09/27,39.75583
2021/09/28,40.6176
2021/09/29,41.18974
2021/09/30,41.97942
2021/10/01,42.83857
2021/10/02,40.05914
2021/10/03,39.74102
2021/10/04,41.77248
2021/10/05,40.52022
2021/10/06,42.09759
2021/10/07,41.476
2021/10/08,42.11628
2021/10/09,42.5864
2021/10/10,43.22943
2021/10/11,44.32307
2021/10/12,44.68858
2021/10/13,44.747
2021/10/14,44.96719
2021/10/15,43.84542
2021/10/16,43.74795
2021/10/17,43.86312
2021/10/18,43.9662
2021/10/19,42.55662
2021/10/20,42.92188
2021/10/21,42.44188
2021/10/22,41.11812
2021/10/23,39.46825
2021/10/24,40.91625
2021/10/25,41.71553
2021/10/26,42.98346
2021/10/27,43.98896
2021/10/28,44.855
2021/10/29,44.31316
2021/10/30,43.99896
2021/10/31,43.68628
2021/11/01,42.62847
2021/11/02,43.22309
2021/11/03,42.83542
2021/11/04,43.10417
2021/11/05,42.06253
2021/11/06,40.39787
2021/11/07,40.8025
2021/11/08,41.88993
2021/11/09,43.055
2021/11/10,42.97394
2021/11/11,42.19439
2021/11/12,42.88075
2021/11/13,42.87743
2021/11/14,42.08055
2021/11/15,41.97463
2021/11/16,44.6386
2021/11/17,44.762
2021/11/18,44.762
2021/11/19,44.76288
2021/11/20,43.84156
2021/11/21,43.1709
2021/11/22,43.54917
2021/11/23,43.58741
2021/11/24,41.98292
2021/11/25,42.49729
2021/11/26,42.525
2021/11/27,41.67656
2021/11/28,41.84207
2021/11/29,43.17812
2021/11/30,44.69649
2021/12/01,43.7299
2021/12/02,43.05619
2021/12/03,42.495
2021/12/04,41.48906
2021/12/05,41.17451
2021/12/06,42.16547
2021/12/07,42.445
2021/12/08,42.45542
2021/12/09,42.86682
2021/12/10,43.225
2021/12/11,43.21736
2021/12/12,43.20659
2021/12/13,43.82803
2021/12/14,43.49918
2021/12/15,43.77067
2021/12/16,44.86734
2021/12/17,43.79632
2021/12/18,44.225
2021/12/19,43.52869
2021/12/20,42.89368
2021/12/21,43.08102
2021/12/22,44.34958
2021/12/23,43.79625
2021/12/24,42.80931
2021/12/25,43.66201
2021/12/26,44.61483
2021/12/27,45.40241
2021/12/28,45.44364
2021/12/29,44.29595
2021/12/30,43.77118
2021/12/31,43.23475
2022/01/01,42.94689
2022/01/02,43.62769
2022/01/03,45.44293
2022/01/04,46.42863
2022/01/05,46.71036
2022/01/06,47.85562
2022/01/07,47.82987
2022/01/08,46.85884
2022/01/09,48.02599
2022/01/10,48.94217
2022/01/11,47.753
2022/01/12,47.92022
2022/01/13,47.98597
2022/01/14,48.686
2022/01/15,48.87901
2022/01/16,49.021
2022/01/17,49.021
2022/01/18,48.99928
2022/01/19,48.94316
2022/01/20,48.74617
2022/01/21,49.702
2022/01/22,49.807
2022/01/23,49.19079
2022/01/24,49.6083
2022/01/25,49.33117
2022/01/26,49.57048
2022/01/27,49.41775
2022/01/28,49.71365
2022/01/29,48.72887
2022/01/30,49.54238
2022/01/31,48.65489
2022/02/01,48.47283
2022/02/02,48.96075
2022/02/03,48.84367
2022/02/04,48.82012
2022/02/05,45.95502
2022/02/06,45.62502
2022/02/07,45.74446
2022/02/08,46.331
2022/02/09,46.177
2022/02/10,46.5803
2022/02/11,46.82512
2022/02/12,44.53033
2022/02/13,43.49024
2022/02/14,44.71862
2022/02/15,44.855
2022/02/16,45.93166
2022/02/17,45.7394
2022/02/18,45.48694
2022/02/19,42.71159
2022/02/20,41.86397
2022/02/21,42.68488
2022/02/22,43.95767
2022/02/23,44.426
2022/02/24,44.3285
2022/02/25,44.426
2022/02/26,43.4855
2022/02/27,42.887
2022/02/28,43.03031
2022/03/01,43.4
2022/03/02,43.25579
2022/03/03,43.11417
2022/03/04,43.29
2022/03/05,43.29
2022/03/06,42.87342
2022/03/07,42.72721
2022/03/08,42.9441
2022/03/09,43.17
2022/03/10,40.54172
2022/03/11,40.43007
2022/03/12,36.91145
2022/03/13,36.52094
2022/03/14,36.00248
2022/03/15,36.04321
2022/03/16,36.43083
2022/03/17,36.92
2022/03/18,36.92
2022/03/19,35.815
2022/03/20,34.98486
2022/03/21,35.19186
2022/03/22,34.89312
2022/03/23,33.435
2022/03/24,33.435
2022/03/25,33.30604
2022/03/26,30.7083
2022/03/27,31.33161
2022/03/28,31.49
2022/03/29,31.49
2022/03/30,31.11292
2022/03/31,30.585
2022/04/01,31.15142
2022/04/02,30.87806
2022/04/03,31.97573
2022/04/04,32.63972
2022/04/05,32.57542
2022/04/06,32.49391
2022/04/07,32.71406
2022/04/08,32.27603
2022/04/09,31.33563
2022/04/10,32.58316
2022/04/11,32.50396
2022/04/12,33.19562
2022/04/13,33.23125
2022/04/14,33.90578
2022/04/15,33.57479
2022/04/16,31.76154
2022/04/17,31.70131
2022/04/18,31.55849
2022/04/19,32.65895
2022/04/20,32.30165
2022/04/21,31.73991
2022/04/22,31.8655
2022/04/23,29.95463
2022/04/24,29.82683
2022/04/25,30.52516
2022/04/26,30.70292
2022/04/27,30.43333
2022/04/28,29.87104
2022/04/29,28.94561
2022/04/30,28.61505
2022/05/01,29.54887
2022/05/02,29.6725
2022/05/03,29.6131
2022/05/04,30.11721
2022/05/05,30.33864
2022/05/06,30.22292
2022/05/07,28.99792
2022/05/08,28.85916
2022/05/09,28.50777
2022/05/10,29.15836
2022/05/11,29.49419
2022/05/12,29.63408
2022/05/13,29.5325
2022/05/14,28.20134
2022/05/15,27.82254
2022/05/16,27.71372
2022/05/17,27.83949
2022/05/18,28.74652
2022/05/19,29.35781
2022/05/20,29.78574
2022/05/21,28.8121
2022/05/22,29.26254
2022/05/23,28.44719
2022/05/24,28.69129
2022/05/25,29.12654
2022/05/26,26.33851
2022/05/27,27.66075
2022/05/28,28.18667
2022/05/29,28.3537
2022/05/30,31.25221
2022/05/31,31.59133
2022/06/01,31.638
2022/06/02,31.0743
2022/06/03,31.20488
2022/06/04,29.45201
2022/06/05,28.03997
2022/06/06,29.04945
2022/06/07,30.20338
2022/06/08,30.16304
2022/06/09,29.88578
2022/06/10,30.01925
2022/06/11,28.5876
2022/06/12,28.23187
2022/06/13,29.84813
2022/06/14,29.92666
2022/06/15,29.75979
2022/06/16,29.16613
2022/06/17,29.36501
2022/06/18,27.85787
2022/06/19,28.32167
2022/06/20,29.24604
2022/06/21,30.20865
2022/06/22,30.88102
2022/06/23,31.14
2022/06/24,30.24751
2022/06/25,29.00258
2022/06/26,29.67238
2022/06/27,29.58938
2022/06/28,27.53343
2022/06/29,28.88297
2022/06/30,29.0391
2022/07/01,29.33024
2022/07/02,28.27701
2022/07/03,28.1818
2022/07/04,27.97151
2022/07/05,28.42513
2022/07/06,27.61
2022/07/07,28.52577
2022/07/08,28.64049
2022/07/09,28.03359
2022/07/10,27.40368
2022/07/11,29.48073
2022/07/12,29.69375
2022/07/13,27.9205
2022/07/14,27.41405
2022/07/15,26.85902
2022/07/16,25.79021
2022/07/17,25.09081
2022/07/18,25.56934
2022/07/19,25.42837
2022/07/20,26.14675
2022/07/21,26.85996
2022/07/22,26.85574
2022/07/23,26.21962
2022/07/24,25.5953
2022/07/25,24.91033
2022/07/26,25.08117
2022/07/27,25.43339
2022/07/28,26.14651
2022/07/29,26.23955
2022/07/30,26.25281
2022/07/31,25.59104
2022/08/01,25.78797
2022/08/02,27.39131
2022/08/03,28.31673
2022/08/04,28.08631
2022/08/05,26.47669
2022/08/06,26.41588
2022/08/07,26.99049
2022/08/08,28.17859
2022/08/09,28.05723
2022/08/10,28.14353
2022/08/11,26.31303
2022/08/12,27.06066
2022/08/13,25.80185
2022/08/14,25.94916
2022/08/15,26.37926
2022/08/16,26.6575
2022/08/17,27.12563
2022/08/18,28.40328
2022/08/19,28.3549
2022/08/20,24.70937
2022/08/21,24.6374
2022/08/22,25.04708
2022/08/23,25.27492
2022/08/24,24.79524
2022/08/25,24.07467
2022/08/26,24.09369
2022/08/27,22.14508
2022/08/28,21.93459
2022/08/29,24.41195
2022/08/30,25.18884
2022/08/31,25.30278
2022/09/01,25.29625
2022/09/02,24.10134
2022/09/03,22.69833
2022/09/04,23.29719
2022/09/05,24.90529
2022/09/06,25.52092
2022/09/07,25.59121
2022/09/08,25.6409
2022/09/09,25.66246
2022/09/10,25.43672
2022/09/11,26.71941
2022/09/12,27.90939
2022/09/13,27.43627
2022/09/14,27.27508
2022/09/15,27.87375
2022/09/16,27.92208
2022/09/17,27.03746
2022/09/18,27.35033
2022/09/19,28.53746
2022/09/20,28.36393
2022/09/21,28.63287
2022/09/22,27.86992
2022/09/23,28.06152
2022/09/24,27.61127
2022/09/25,28.31835
2022/09/26,28.69146
2022/09/27,29.40328
2022/09/28,29.38624
2022/09/29,27.45924
2022/09/30,27.34551
2022/10/01,27.30955
2022/10/02,26.72542
2022/10/03,26.87833
2022/10/04,27.38847
2022/10/05,27.01585
2022/10/06,26.50526
2022/10/07,27.5455
2022/10/08,28.65629
2022/10/09,29.542
2022/10/10,30.15993
2022/10/11,30.25
2022/10/12,30.22552
2022/10/13,29.64229
2022/10/14,29.74222
2022/10/15,27.65535
2022/10/16,27.78051
2022/10/17,27.91941
2022/10/18,28.54149
2022/10/19,27.8085
2022/10/20,27.12505
2022/10/21,28.70664
2022/10/22,31.12792
2022/10/23,31.78001
2022/10/24,32.075
2022/10/25,32.06552
2022/10/26,30.31208
2022/10/27,30.06254
2022/10/28,30.275
2022/10/29,27.19241
2022/10/30,27.06611
2022/10/31,29.44541
2022/11/01,28.67827
2022/11/02,29.5437
2022/11/03,29.97
2022/11/04,30.175
2022/11/05,30.17157
2022/11/06,30.18215
2022/11/07,30.40858
2022/11/08,31.1849
2022/11/09,31.22
2022/11/10,31.18255
2022/11/11,30.59933
2022/11/12,30.5501
2022/11/13,30.39402
2022/11/14,31.18374
2022/11/15,31.18292
2022/11/16,31.15775
2022/11/17,31.46456
2022/11/18,31.939
2022/11/19,31.07734
2022/11/20,31.45733
2022/11/21,32.17212
2022/11/22,32.45687
2022/11/23,32.92052
2022/11/24,33.58742
2022/11/25,33.62875
2022/11/26,32.42333
2022/11/27,31.52878
2022/11/28,33.63605
2022/11/29,34.67232
2022/11/30,35.38823
2022/12/01,35.28711
2022/12/02,35.97489
2022/12/03,36.25763
2022/12/04,37.60859
2022/12/05,37.21364
2022/12/06,37.125
2022/12/07,37.14427
2022/12/08,37.71502
2022/12/09,39.24802
2022/12/10,39.53941
2022/12/11,40.00645
2022/12/12,40.71479
2022/12/13,41.04943
2022/12/14,41.285
2022/12/15,41.38042
2022/12/16,41.65205
2022/12/17,41.655
2022/12/18,40.80896
2022/12/19,40.77823
2022/12/20,40.83999
2022/12/21,40.905
2022/12/22,40.94959
2022/12/23,39.31551
2022/12/24,36.38608
2022/12/25,36.99896
2022/12/26,35.44631
2022/12/27,38.70571
2022/12/28,40.02084
2022/12/29,35.63581
2022/12/30,33.76285
2022/12/31,32.07941
2023/01/01,33.64598
2023/01/02,40.67428
2023/01/03,41.989
2023/01/04,42.02368
2023/01/05,42.77958
2023/01/06,43.02271
2023/01/07,43.09592
2023/01/08,40.87224
2023/01/09,44.22727
2023/01/10,44.90586
2023/01/11,45.00621
2023/01/12,44.0501
2023/01/13,44.086
2023/01/14,42.03223
2023/01/15,41.16841
2023/01/16,44.20491
2023/01/17,44.091
2023/01/18,43.50045
2023/01/19,40.12424
2023/01/20,42.33072
2023/01/21,42.37225
2023/01/22,43.04329
2023/01/23,43.301
2023/01/24,43.301
2023/01/25,43.33308
2023/01/26,44.16009
2023/01/27,44.0981
2023/01/28,44.55396
2023/01/29,44.13302
2023/01/30,43.14479
2023/01/31,43.24595
2023/02/01,44.18679
2023/02/02,45.12583
2023/02/03,46.09766
2023/02/04,46.21268
2023/02/05,46.00679
2023/02/06,45.27323
2023/02/07,43.87148
2023/02/08,45.67729
2023/02/09,45.92479
2023/02/10,46.66649
2023/02/11,45.39646
2023/02/12,45.0359
2023/02/13,44.91259
2023/02/14,45.09
2023/02/15,44.5718
2023/02/16,43.44432
2023/02/17,44.10737
2023/02/18,42.78967
2023/02/19,42.11639
2023/02/20,41.93197
2023/02/21,41.95
2023/02/22,42.32118
2023/02/23,42.34573
2023/02/24,42.19938
2023/02/25,40.00156
2023/02/26,39.09301
2023/02/27,39.59396
2023/02/28,39.615
2023/03/01,39.51233
2023/03/02,39.615
2023/03/03,38.84447
2023/03/04,34.99024
2023/03/05,34.37244
2023/03/06,35.53012
2023/03/07,37.14251
2023/03/08,36.68276
2023/03/09,35.95138
2023/03/10,34.40802
2023/03/11,36.88371
2023/03/12,33.80247
2023/03/13,33.27634
2023/03/14,35.58575
2023/03/15,37.37965
2023/03/16,37.21985
2023/03/17,36.93712
2023/03/18,35.7926
2023/03/19,34.5353
2023/03/20,35.18173
2023/03/21,36.73839
2023/03/22,36.80233
2023/03/23,35.88412
2023/03/24,36.23523
2023/03/25,35.8252
2023/03/26,36.31856
2023/03/27,34.87925
2023/03/28,35.60459
2023/03/29,36.3075
2023/03/30,36.57742
2023/03/31,35.73711
2023/04/01,36.63611
2023/04/02,36.69063
2023/04/03,37.36658
2023/04/04,38.57565
2023/04/05,38.17049
2023/04/06,37.79556
2023/04/07,37.12689
2023/04/08,36.03821
2023/04/09,35.31139
2023/04/10,34.17874
2023/04/11,34.83918
2023/04/12,34.36597
2023/04/13,35.25928
2023/04/14,36.12708
2023/04/15,34.95835
2023/04/16,34.8516
2023/04/17,35.18092
2023/04/18,35.57311
2023/04/19,35.99479
2023/04/20,36.04921
2023/04/21,35.96862
2023/04/22,36.07133
2023/04/23,35.51037
2023/04/24,36.38233
2023/04/25,36.828
2023/04/26,37.34684
2023/04/27,38.97636
2023/04/28,38.86431
2023/04/29,38.13602
2023/04/30,37.34233
2023/05/01,38.15779
2023/05/02,37.483
2023/05/03,37.44933
2023/05/04,37.41378
2023/05/05,37.00331
2023/05/06,35.74893
2023/05/07,35.68
2023/05/08,35.97639
2023/05/09,35.96179
2023/05/10,35.88804
2023/05/11,36.28811
2023/05/12,36.49638
2023/05/13,34.74481
2023/05/14,35.51569
2023/05/15,37.10491
2023/05/16,37.0245
2023/05/17,36.945
2023/05/18,37.01625
2023/05/19,37.3264
2023/05/20,35.63439
2023/05/21,35.71702
2023/05/22,36.5333
2023/05/23,37.42665
2023/05/24,36.82579
2023/05/25,35.99252
2023/05/26,35.53427
2023/05/27,32.31088
2023/05/28,32.84554
2023/05/29,33.54608
2023/05/30,33.605
2023/05/31,33.94124
2023/06/01,33.73
2023/06/02,33.38557
2023/06/03,32.38854
2023/06/04,32.20479
2023/06/05,32.4
2023/06/06,32.4
2023/06/07,32.4
2023/06/08,31.84569
2023/06/09,31.84261
2023/06/10,31.64195
2023/06/11,31.75359
2023/06/12,33.02125
2023/06/13,31.9352
2023/06/14,32.22105
2023/06/15,32.27305
2023/06/16,32.50444
2023/06/17,32.34904
2023/06/18,32.02103
2023/06/19,32.42026
2023/06/20,33.10875
2023/06/21,35.38551
2023/06/22,34.99096
2023/06/23,35.57059
2023/06/24,35.38695
2023/06/25,35.21771
2023/06/26,36.63188
2023/06/27,36.47672
2023/06/28,35.69417
2023/06/29,35.5276
2023/06/30,35.29063
2023/07/01,36.12102
2023/07/02,34.21101
2023/07/03,35.91103
2023/07/04,36.09866
2023/07/05,35.70492
2023/07/06,35.82625
2023/07/07,36.82653
2023/07/08,35.77162
2023/07/09,34.99681
2023/07/10,34.27524
2023/07/11,32.79022
2023/07/12,32.266
2023/07/13,33.88465
2023/07/14,35.55104
2023/07/15,33.3882
2023/07/16,32.56888
2023/07/17,36.0265
2023/07/18,35.90808
2023/07/19,35.925
2023/07/20,36.11421
2023/07/21,36.56891
2023/07/22,36.1213
2023/07/23,34.74128
2023/07/24,36.32663
2023/07/25,35.80704
2023/07/26,35.30427
2023/07/27,35.3125
2023/07/28,35.24233
2023/07/29,32.43248
2023/07/30,31.33122
2023/07/31,33.23079
2023/08/01,33.51093
2023/08/02,34.12164
2023/08/03,32.72659
2023/08/04,32.607
2023/08/05,30.77584
2023/08/06,31.57173
2023/08/07,32.58695
2023/08/08,32.45853
2023/08/09,33.37459
2023/08/10,32.88135
2023/08/11,35.57767
2023/08/12,33.64262
2023/08/13,33.40367
2023/08/14,34.2775
2023/08/15,33.54609
2023/08/16,35.04279
2023/08/17,38.34188
2023/08/18,36.841
2023/08/19,36.27514
2023/08/20,36.77452
2023/08/21,35.49264
2023/08/22,33.66371
2023/08/23,35.56481
2023/08/24,35.5125
2023/08/25,35.3351
2023/08/26,36.09635
2023/08/27,36.37148
2023/08/28,36.38794
2023/08/29,36.78567
2023/08/30,36.98827
2023/08/31,37.16358
2023/09/01,37.49165
2023/09/02,37.56471
2023/09/03,38.85977
2023/09/04,40.03259
2023/09/05,40.49927
2023/09/06,40.68675
2023/09/07,41.34683
2023/09/08,41.21397
2023/09/09,40.02429
2023/09/10,40.44238
2023/09/11,40.39706
2023/09/12,40.70148
2023/09/13,41.05847
2023/09/14,42.73231
2023/09/15,43.24733
2023/09/16,41.57659
2023/09/17,39.95295
2023/09/18,41.41067
2023/09/19,39.98129
2023/09/20,40.00697
2023/09/21,40.44379
2023/09/22,40.67599
2023/09/23,37.7934
2023/09/24,37.70995
2023/09/25,38.14385
2023/09/26,39.43954
2023/09/27,39.05151
2023/09/28,39.10535
2023/09/29,40.30652
2023/09/30,38.68361
2023/10/01,38.53128
2023/10/02,38.76671
2023/10/03,39.72312
2023/10/04,40.52917
2023/10/05,40.04571
2023/10/06,39.95303
2023/10/07,38.99227
2023/10/08,39.29
2023/10/09,40.92326
2023/10/10,41.6
2023/10/11,41.50918
2023/10/12,40.4133
2023/10/13,41.30555
2023/10/14,41.72632
2023/10/15,42.78433
2023/10/16,42.24378
2023/10/17,41.99218
2023/10/18,42.44656
2023/10/19,43.00653
2023/10/20,42.84792
2023/10/21,39.58805
2023/10/22,41.02838
2023/10/23,41.365
2023/10/24,41.365
2023/10/25,41.365
2023/10/26,40.77008
2023/10/27,41.79649
2023/10/28,38.65406
2023/10/29,38.44465
2023/10/30,38.24956
2023/10/31,39.6073
2023/11/01,40.28183
2023/11/02,40.81066
2023/11/03,40.70063
2023/11/04,38.78629
2023/11/05,36.35569
2023/11/06,35.46952
2023/11/07,37.12275
2023/11/08,37.15365
2023/11/09,37.84
2023/11/10,38.5711
2023/11/11,37.85592
2023/11/12,36.97667
2023/11/13,36.56523
2023/11/14,37.79802
2023/11/15,38.68693
2023/11/16,40.23708
2023/11/17,40.68142
2023/11/18,41.19045
2023/11/19,41.14586
2023/11/20,40.68659
2023/11/21,41.92725
2023/11/22,41.82378
2023/11/23,43.11385
2023/11/24,43.74747
2023/11/25,42.46694
2023/11/26,43.34385
2023/11/27,43.5374
2023/11/28,43.62254
2023/11/29,43.525
2023/11/30,43.52729
2023/12/01,42.90558
2023/12/02,41.60385
2023/12/03,42.17252
2023/12/04,43.92093
2023/12/05,45.019
2023/12/06,45.61309
2023/12/07,45.81581
2023/12/08,45.16884
2023/12/09,43.9598
2023/12/10,43.47458
2023/12/11,44.22514
2023/12/12,44.87698
2023/12/13,45.05742
2023/12/14,45.25083
2023/12/15,46.28008
2023/12/16,46.97066
2023/12/17,47.71875
2023/12/18,48.80687
2023/12/19,47.60773
2023/12/20,47.36317
2023/12/21,45.31155
2023/12/22,45.84996
2023/12/23,44.1713
2023/12/24,43.6473
2023/12/25,42.9403
2023/12/26,43.02265
2023/12/27,43.0144
2023/12/28,42.15886
2023/12/29,44.1135
2023/12/30,44.19
2023/12/31,44.92969
2024/01/01,46.17374
2024/01/02,47.45046
2024/01/03,47.71525
2024/01/04,47.42095
2024/01/05,48.31646
2024/01/06,48.6252
2024/01/07,49.62486
2024/01/08,49.82805
2024/01/09,50.54275
2024/01/10,51.36425
2024/01/11,50.61856
2024/01/12,49.87357
2024/01/13,49.46479
2024/01/14,51.12957
2024/01/15,51.95229
2024/01/16,51.8716
2024/01/17,51.47283
2024/01/18,51.47408
2024/01/19,51.37791
2024/01/20,48.78782
2024/01/21,49.35627
2024/01/22,50.76547
2024/01/23,49.34368
2024/01/24,49.68277
2024/01/25,49.06412
2024/01/26,48.986
2024/01/27,49.25396
2024/01/28,48.75317
2024/01/29,48.2199
2024/01/30,48.57721
2024/01/31,48.54667
2024/02/01,49.03736
2024/02/02,49.06256
2024/02/03,45.53489
2024/02/04,45.13151
2024/02/05,46.90894
2024/02/06,48.71126
2024/02/07,48.45883
2024/02/08,48.19637
2024/02/09,47.31064
2024/02/10,43.51241
2024/02/11,43.16264
2024/02/12,44.28834
2024/02/13,45.06468
2024/02/14,45.39814
2024/02/15,46.05365
2024/02/16,45.34341
2024/02/17,45.47413
2024/02/18,45.56658
2024/02/19,46.12408
2024/02/20,45.61356
2024/02/21,45.6019
2024/02/22,45.61716
2024/02/23,44.47511
2024/02/24,41.31607
2024/02/25,41.30446
2024/02/26,42.50093
2024/02/27,42.75645
2024/02/28,42.54694
2024/02/29,43.07025
2024/03/01,43.344
2024/03/02,42.35638
2024/03/03,42.92984
2024/03/04,43.15833
2024/03/05,43.08015
2024/03/06,43.05212
2024/03/07,43.67343
2024/03/08,43.85104
2024/03/09,42.04021
2024/03/10,42.13107
2024/03/11,42.85291
2024/03/12,42.82901
2024/03/13,43.08188
2024/03/14,42.03167
2024/03/15,42.12958
2024/03/16,43.29143
2024/03/17,43.17472
2024/03/18,42.69
2024/03/19,41.48776
2024/03/20,42.01438
2024/03/21,41.90545
2024/03/22,41.47333
2024/03/23,38.73674
2024/03/24,40.33152
2024/03/25,42.45
2024/03/26,42.735
2024/03/27,42.735
2024/03/28,41.83187
2024/03/29,41.8321
2024/03/30,39.1744
2024/03/31,40.40121
2024/04/01,41.97195
2024/04/02,42.85086
2024/04/03,42.41162
2024/04/04,42.236
2024/04/05,39.46721
2024/04/06,35.70496
2024/04/07,35.43456
2024/04/08,39.62531
2024/04/09,40.79767
2024/04/10,42.39437
2024/04/11,42.54504
2024/04/12,43.06426
2024/04/13,37.72952
2024/04/14,36.52312
2024/04/15,39.0575
2024/04/16,39.05828
2024/04/17,41.59276
2024/04/18,42.36739
2024/04/19,42.85868
2024/04/20,41.39174
2024/04/21,40.76151
2024/04/22,41.72459
2024/04/23,43.1715
2024/04/24,43.17944
2024/04/25,43.80125
2024/04/26,42.67539
2024/04/27,40.70243
2024/04/28,40.51521
2024/04/29,42.04333
2024/04/30,42.265
2024/05/01,41.1481
2024/05/02,40.4291
2024/05/03,41.30148
2024/05/04,38.1705
2024/05/05,38.09378
2024/05/06,41.21062
2024/05/07,41.02655
2024/05/08,40.06233
2024/05/09,39.83493
2024/05/10,39.17462
2024/05/11,36.79786
2024/05/12,38.62203
2024/05/13,40.91887
2024/05/14,40.99583
2024/05/15,41.37596
2024/05/16,41.78309
2024/05/17,42.51568
2024/05/18,42.79517
2024/05/19,40.90484
2024/05/20,41.99852
2024/05/21,42.81263
2024/05/22,42.17483
2024/05/23,42.855
2024/05/24,42.855
2024/05/25,40.9954
2024/05/26,41.30729
2024/05/27,44.58039
2024/05/28,41.95056
2024/05/29,41.93161
2024/05/30,41.99557
2024/05/31,39.67235
2024/06/01,36.39469
2024/06/02,36.60512
2024/06/03,40.81662
2024/06/04,40.89058
2024/06/05,40.97183
2024/06/06,41.531
2024/06/07,41.98355
2024/06/08,39.15118
2024/06/09,38.01245
2024/06/10,38.38909
2024/06/11,41.11987
2024/06/12,41.66899
2024/06/13,41.76812
2024/06/14,39.33655
2024/06/15,36.3504
2024/06/16,37.27014
2024/06/17,41.89393
2024/06/18,41.60501
2024/06/19,41.04611
2024/06/20,40.61286
2024/06/21,40.85089
2024/06/22,38.63715
2024/06/23,39.92213
2024/06/24,41.43
2024/06/25,42.36254
2024/06/26,42.67463
2024/06/27,42.85479
2024/06/28,42.0615
2024/06/29,40.08335
2024/06/30,39.58456
2024/07/01,40.18245
2024/07/02,41.25442
2024/07/03,41.47905
2024/07/04,40.80911
2024/07/05,40.91053
2024/07/06,38.11945
2024/07/07,37.52398
2024/07/08,41.52434
2024/07/09,40.80702
2024/07/10,41.17
2024/07/11,41.15236
2024/07/12,41.51248
2024/07/13,41.25441
2024/07/14,40.43744
2024/07/15,40.99726
2024/07/16,41.3812
2024/07/17,42.51344
2024/07/18,42.62939
2024/07/19,42.59321
2024/07/20,41.34152
2024/07/21,42.27893
2024/07/22,44.07162
2024/07/23,44.04431
2024/07/24,44.043
2024/07/25,44.23737
2024/07/26,44.62271
2024/07/27,44.02996
2024/07/28,42.79643
2024/07/29,44.68142
2024/07/30,45.31661
2024/07/31,44.0642
2024/08/01,43.49532
2024/08/02,43.74897
2024/08/03,44.54931
2024/08/04,44.63259
2024/08/05,44.93909
2024/08/06,45.45067
2024/08/07,45.65258
2024/08/08,44.77334
2024/08/09,44.14731
2024/08/10,43.56603
2024/08/11,43.52397
2024/08/12,43.80489
2024/08/13,42.8133
2024/08/14,43.04937
2024/08/15,40.7878
2024/08/16,40.32374
2024/08/17,40.02229
2024/08/18,39.88584
2024/08/19,40.78485
2024/08/20,42.26206
2024/08/21,42.99109
2024/08/22,42.36601
2024/08/23,41.90325
2024/08/24,39.60058
2024/08/25,38.02524
2024/08/26,41.61564
2024/08/27,42.2827
2024/08/28,42.44718
2024/08/29,42.77029
2024/08/30,42.39512
2024/08/31,40.27978
2024/09/01,40.54311
2024/09/02,42.50209
2024/09/03,43.05222
2024/09/04,42.35292
2024/09/05,42.79234
2024/09/06,42.655
2024/09/07,40.51524
2024/09/08,40.43762
2024/09/09,40.16701
2024/09/10,40.39115
2024/09/11,41.56618
2024/09/12,42.18306
2024/09/13,43.55424
2024/09/14,43.14495
2024/09/15,42.56071
2024/09/16,42.63045
2024/09/17,39.72983
2024/09/18,40.24714
2024/09/19,43.54617
2024/09/20,44.10083
2024/09/21,42.94469
2024/09/22,42.98846
2024/09/23,43.78517
2024/09/24,43.6483
2024/09/25,42.59757
2024/09/26,38.49251
2024/09/27,38.73982
2024/09/28,39.55731
2024/09/29,40.19827
2024/09/30,41.28678
2024/10/01,41.62228
2024/10/02,41.23185
2024/10/03,41.39154
2024/10/04,41.50236
2024/10/05,39.2633
2024/10/06,40.29038
2024/10/07,41.19807
2024/10/08,40.63514
2024/10/09,42.77738
2024/10/10,43.40354
2024/10/11,42.46406
2024/10/12,42.08576
2024/10/13,41.50699
2024/10/14,43.00929
2024/10/15,43.0747
2024/10/16,42.30725
2024/10/17,42.18645
2024/10/18,41.94656
2024/10/19,42.48133
2024/10/20,40.62737
2024/10/21,41.8525
2024/10/22,43.90344
2024/10/23,44.58677
2024/10/24,45.30358
2024/10/25,45.10083
2024/10/26,46.40079
2024/10/27,45.77334
2024/10/28,45.66675
2024/10/29,45.52607
2024/10/30,46.132
2024/10/31,46.22994
2024/11/01,46.22775
2024/11/02,43.11847
2024/11/03,45.23812
2024/11/04,45.75766
2024/11/05,46.39889
2024/11/06,46.845
2024/11/07,46.90044
2024/11/08,46.54269
2024/11/09,43.88898
2024/11/10,42.90352
2024/11/11,42.55159
2024/11/12,45.21158
2024/11/13,47.16436
2024/11/14,48.07004
2024/11/15,48.00184
2024/11/16,48.24648
2024/11/17,47.96999
2024/11/18,48.34875
2024/11/19,49.25861
2024/11/20,49.76624
2024/11/21,49.98839
2024/11/22,49.724
2024/11/23,49.40141
2024/11/24,42.18802
2024/11/25,46.96417
2024/11/26,49.45271
2024/11/27,50.22403
2024/11/28,49.74679
2024/11/29,50.50236
2024/11/30,50.22643
2024/12/01,50.13801
2024/12/02,49.45883
2024/12/03,49.79366
2024/12/04,49.66542
2024/12/05,48.77703
2024/12/06,48.40418
2024/12/07,47.96661
2024/12/08,50.11362
2024/12/09,51.33526
2024/12/10,51.0827
2024/12/11,51.9
2024/12/12,52.23621
2024/12/13,52.31863
2024/12/14,52.84525
2024/12/15,52.92906
2024/12/16,53.10896
2024/12/17,52.90735
2024/12/18,51.45709
2024/12/19,51.04529
2024/12/20,52.04219
2024/12/21,48.97133
2024/12/22,47.08432
2024/12/23,49.53562
2024/12/24,50.24924
2024/12/25,51.18007
2024/12/26,52.94139
2024/12/27,53.12425
2024/12/28,52.22803
2024/12/29,51.34756
2024/12/30,50.58656
2024/12/31,50.71443
2025/01/01,52.21246
2025/01/02,53.41736
2025/01/03,53.88969
2025/01/04,51.59584
2025/01/05,51.78927
2025/01/06,52.4699
2025/01/07,54.42016
2025/01/08,55.455
2025/01/09,55.38983
2025/01/10,54.01846
2025/01/11,54.67031
2025/01/12,55.4994
2025/01/13,53.83203
2025/01/14,54.08245
2025/01/15,55.766
2025/01/16,55.766
2025/01/17,56.08225
2025/01/18,56.19329
2025/01/19,56.18311
2025/01/20,56.23433
2025/01/21,56.206
2025/01/22,56.206
2025/01/23,56.1595
2025/01/24,56.16499
2025/01/25,55.17308
2025/01/26,50.38833
2025/01/27,49.91241
2025/01/28,50.22103
2025/01/29,52.98184
2025/01/30,53.41504
2025/01/31,53.37749
2025/02/01,50.28716
2025/02/02,50.2675
2025/02/03,50.281
2025/02/04,49.10694
2025/02/05,48.88433
2025/02/06,48.64016
2025/02/07,48.11767
2025/02/08,46.09332
2025/02/09,46.75216
2025/02/10,47.61038
2025/02/11,47.56392
2025/02/12,48.90537
2025/02/13,49.75788
2025/02/14,50.68259
2025/02/15,49.81015
2025/02/16,49.02129
2025/02/17,49.64733
2025/02/18,49.809
2025/02/19,49.676
2025/02/20,47.74083
2025/02/21,47.50737
2025/02/22,45.26355
2025/02/23,45.52114
2025/02/24,46.84573
2025/02/25,47.47965
2025/02/26,48.01542
2025/02/27,48.14031
2025/02/28,48.155
2025/03/01,47.45885
2025/03/02,46.97776
2025/03/03,46.92136
2025/03/04,47.77133
2025/03/05,48.105
2025/03/06,47.62756
2025/03/07,46.69827
2025/03/08,44.43722
2025/03/09,44.47056
2025/03/10,46.4177
2025/03/11,45.73887
2025/03/12,45.79203
2025/03/13,46.11965
2025/03/14,47.22845
2025/03/15,46.32632
2025/03/16,46.18414
2025/03/17,46.68167
2025/03/18,46.69816
2025/03/19,46.945
2025/03/20,45.82548
2025/03/21,43.52838
2025/03/22,43.34706
2025/03/23,44.46312
2025/03/24,46.60188
2025/03/25,46.70039
2025/03/26,45.97588
2025/03/27,45.47559
2025/03/28,45.94946
2025/03/29,42.95352
2025/03/30,41.58868
2025/03/31,44.10062
2025/04/01,43.86026
2025/04/02,43.38702
2025/04/03,41.71737
2025/04/04,41.35142
2025/04/05,39.49572
2025/04/06,39.02442
2025/04/07,41.56415
2025/04/08,42.9445
2025/04/09,44.36517
2025/04/10,44.2553
2025/04/11,43.51266
2025/04/12,40.92263
2025/04/13,41.36516
2025/04/14,44.34244
2025/04/15,43.21074
2025/04/16,44.13246
2025/04/17,44.31246
2025/04/18,41.51912
2025/04/19,38.93462
2025/04/20,37.48667
2025/04/21,39.6715
2025/04/22,39.82186
2025/04/23,39.97999
2025/04/24,39.51704
2025/04/25,39.46076
2025/04/26,38.32463
2025/04/27,37.59897
2025/04/28,37.75159
2025/04/29,38.87105
2025/04/30,39.54287
2025/05/01,37.83147
2025/05/02,37.69398
2025/05/03,38.01922
2025/05/04,38.10528
2025/05/05,38.77467
2025/05/06,39.34346
2025/05/07,41.16289
2025/05/08,43.39772
2025/05/09,43.8237
2025/05/10,38.7007
2025/05/11,38.99368
2025/05/12,42.3658
2025/05/13,42.64388
2025/05/14,42.21327
2025/05/15,40.54031
2025/05/16,39.20585
2025/05/17,37.46239
2025/05/18,37.55382
2025/05/19,39.02086
2025/05/20,39.56353
2025/05/21,40.87793
2025/05/22,40.72379
2025/05/23,40.04799
2025/05/24,36.66346
2025/05/25,33.44797
2025/05/26,35.13164
2025/05/27,35.96631
2025/05/28,36.87654
2025/05/29,39.69312
2025/05/30,40.57825
2025/05/31,40.33527
2025/06/01,41.36772
2025/06/02,41.86862
2025/06/03,42.63423
2025/06/04,42.34017
2025/06/05,41.29588
2025/06/06,40.54265
2025/06/07,37.87229
2025/06/08,36.61506
2025/06/09,40.4259
2025/06/10,42.66759
2025/06/11,42.60712
2025/06/12,41.92579
2025/06/13,42.67329
2025/06/14,42.36601
2025/06/15,42.06367
2025/06/16,42.38861
2025/06/17,42.73179
2025/06/18,43.42041
2025/06/19,41.88124
2025/06/20,42.19205
2025/06/21,40.5188
2025/06/22,41.17429
2025/06/23,42.2785
2025/06/24,42.03178
2025/06/25,40.54008
2025/06/26,39.55903
2025/06/27,39.29885
2025/06/28,38.18136
2025/06/29,38.80881
2025/06/30,38.1715
2025/07/01,39.70259
2025/07/02,41.01341
2025/07/03,40.78457
2025/07/04,41.94038
2025/07/05,41.38538
2025/07/06,41.39969
2025/07/07,43.86107
2025/07/08,44.7472
2025/07/09,44.71132
2025/07/10,45.12498
2025/07/11,46.4552
2025/07/12,44.32646
2025/07/13,44.39156
2025/07/14,44.04124
2025/07/15,44.53094
2025/07/16,43.91483
2025/07/17,43.98097
2025/07/18,44.26876
2025/07/19,45.22893
2025/07/20,42.83808
2025/07/21,40.88704
2025/07/22,42.45698
2025/07/23,43.00218
2025/07/24,43.21807
2025/07/25,43.23841
2025/07/26,45.03049
2025/07/27,45.19887
2025/07/28,45.97352
2025/07/29,44.96394
2025/07/30,43.90563
2025/07/31,45.24766
2025/08/01,45.29644
2025/08/02,42.23214
2025/08/03,43.71785
2025/08/04,44.11413
2025/08/05,41.39951
2025/08/06,44.66056
2025/08/07,44.59717
2025/08/08,44.92584
2025/08/09,43.09632
2025/08/10,42.56137
2025/08/11,40.91542
2025/08/12,40.90812
2025/08/13,41.01711
2025/08/14,42.94988
2025/08/15,41.8797
2025/08/16,41.47284
2025/08/17,41.63663
2025/08/18,42.16983
2025/08/19,42.60579
2025/08/20,44.05499
2025/08/21,44.12062
2025/08/22,43.48662
2025/08/23,40.62719
2025/08/24,41.37494
2025/08/25,44.22957
2025/08/26,43.39718
2025/08/27,44.43616
2025/08/28,44.28466
2025/08/29,44.39556
2025/08/30,42.3484
2025/08/31,42.13515
2025/09/01,43.02481
2025/09/02,43.29642
2025/09/03,41.899
2025/09/04,41.85145
2025/09/05,43.92777
2025/09/06,44.20458
2025/09/07,46.14392
2025/09/08,47.06075
2025/09/09,46.4218
2025/09/10,44.41907
2025/09/11,46.61099
2025/09/12,45.14662
2025/09/13,44.3703
2025/09/14,45.20116
2025/09/15,44.42112
2025/09/16,45.66101
2025/09/17,46.13717
2025/09/18,44.75973
2025/09/19,45.75517
2025/09/20,42.79284
2025/09/21,43.64679
2025/09/22,46.27421
2025/09/23,46.63789
2025/09/24,47.01609
2025/09/25,48.12479
2025/09/26,49.02501
2025/09/27,47.75065
2025/09/28,47.81759
2025/09/29,48.50401
2025/09/30,49.05413
2025/10/01,48.92619
2025/10/02,48.18031
2025/10/03,46.36969
2025/10/04,36.02111
2025/10/05,38.50863
2025/10/06,44.48306
2025/10/07,43.10282
2025/10/08,43.69911
2025/10/09,42.97794
2025/10/10,42.96236
2025/10/11,42.1534
2025/10/12,41.54625
2025/10/13,40.6514
2025/10/14,40.97916
2025/10/15,42.81165
2025/10/16,43.34845
2025/10/17,43.18708
2025/10/18,43.16349
2025/10/19,43.0925
2025/10/20,44.35946
2025/10/21,45.87375
2025/10/22,46.30666
2025/10/23,43.51217
2025/10/24,43.71428
2025/10/25,42.15222
2025/10/26,40.9271
2025/10/27,45.29331
2025/10/28,46.18833
2025/10/29,47.14539
2025/10/30,47.83867
2025/10/31,46.61746
2025/11/01,43.2157
2025/11/02,44.07767
2025/11/03,46.51571
2025/11/04,46.9075
2025/11/05,47.15011
2025/11/06,47.9569
2025/11/07,48.01551
2025/11/08,48.35814
2025/11/09,47.06219
2025/11/10,47.78979
2025/11/11,46.48252
2025/11/12,44.92669
2025/11/13,47.829
2025/11/14,48.95404
2025/11/15,49.66447
2025/11/16,49.9661
2025/11/17,50.5243
2025/11/18,50.21868
2025/11/19,49.53735
2025/11/20,50.10183
2025/11/21,49.83913
2025/11/22,50.7771
2025/11/23,52.2775
2025/11/24,52.45062
2025/11/25,52.15888
2025/11/26,52.15835
2025/11/27,52.2066
2025/11/28,51.55198
2025/11/29,51.07723
2025/11/30,50.874
2025/12/01,52.48858
2025/12/02,51.56943
2025/12/03,53.05257
2025/12/04,52.56354
2025/12/05,52.58692
2025/12/06,51.57149
2025/12/07,51.23281
2025/12/08,53.41175
2025/12/09,54.1771
2025/12/10,54.1706
2025/12/11,54.17427
2025/12/12,54.29917
2025/12/13,54.20431
2025/12/14,54.21625
2025/12/15,53.04049
2025/12/16,
2025/12/17,
2025/12/18,
2025/12/19,
2025/12/20,
2025/12/21,
2025/12/22,
2025/12/23,
2025/12/24,
2025/12/25,
2025/12/26,
2025/12/27,
2025/12/28,
2025/12/29,
2025/12/30,
2025/12/31,
